Label,Density,Avg,Variance
POI1,3.099768642693252E-5,302245.11088121583,1.7047989855385175E11
POI3,3.135739259239974E-5,452033.4419942003,4.9997316733342606E10
POI4,1.538358754646509E-8,497835.8726090915,2.1744099574634353E12
